{"cameraMode":{"drawMode":0,"name":"Shaded","section":"Shading Mode"},"sceneLighting":false,"audioPlay":false,"sceneViewState":{"showFog":true,"showMaterialUpdate":false,"showSkybox":true,"showFlares":true,"showImageEffects":true,"showParticleSystems":true},"in2DMode":false,"pivot":{"x":-5.440000057220459,"y":4.940000057220459,"z":0.0},"rotation":{"x":0.24641628563404084,"y":-0.25479477643966677,"z":0.06732496619224549,"w":0.9326446652412415},"size":7.061990261077881,"orthographic":false}